{
  "project_info": {
    "project_number": "218449845611",
    "project_id": "simtaster-45bd8",
    "storage_bucket": "simtaster-45bd8.appspot.com"
  },
  "client": [
    {
      "client_info": {
        "mobilesdk_app_id": "1:218449845611:android:525a5f2809da8be2ab402e",
        "android_client_info": {
          "package_name": "com.example.simtaster"
        }
      },
      "oauth_client": [
        {
          "client_id": "218449845611-tko17t2s7o2oprpho61ocmv07eenucmr.apps.googleusercontent.com",
          "client_type": 1,
          "android_info": {
            "package_name": "com.example.simtaster",
            "certificate_hash": "aa2e921dbbed055857e7b6a1ec91e54c6b360732"
          }
        },
        {
          "client_id": "218449845611-2jqao6ce01kivmv0dsuoqrqqod4rea52.apps.googleusercontent.com",
          "client_type": 3
        }
      ],
      "api_key": [
        {
          "current_key": "AIzaSyAcsTp4YXI30Wd03iTjw44of8JYtaKA_H0"
        }
      ],
      "services": {
        "appinvite_service": {
          "other_platform_oauth_client": [
            {
              "client_id": "218449845611-2jqao6ce01kivmv0dsuoqrqqod4rea52.apps.googleusercontent.com",
              "client_type": 3
            }
          ]
        }
      }
    }
  ],
  "configuration_version": "1"
}